Use mysql;
DROP DATABASE IF EXISTS `preg_test`;
CREATE DATABASE `preg_test`;
USE `preg_test`;
CREATE TABLE `state` (
`code` varchar(2) NOT NULL,
`country_code` varchar(2) NOT NULL,
`description` varchar(255) NOT NULL,
`regex` varchar(255) ,
PRIMARY KEY  (`code`)
) ENGINE=HEAP DEFAULT CHARSET=latin1;
INSERT INTO `state`(code,country_code,description) VALUES ('al','us','Alabama'),('ak','us','Alaska'),('as','us','American Samoa'),('az','us','Arizona'),('ar','us','Arkansas'),('ca','us','California'),('co','us','Colorado'),('ct','us','Connecticut'),('de','us','Delaware'),('dc','us','District of Columbia'),('fm','us','Federated States of Micronesia'),('fl','us','Florida'),('ga','us','Georgia'),('gu','us','Guam'),('hi','us','Hawaii'),('id','us','Idaho'),('il','us','Illinois'),('in','us','Indiana'),('ia','us','Iowa'),('ks','us','Kansas'),('ky','us','Kentucky'),('la','us','Louisiana'),('me','us','Maine'),('mh','us','Marshall Islands'),('md','us','Maryland'),('ma','us','Massachusetts'),('mi','us','Michigan'),('mn','us','Minnesota'),('ms','us','Mississippi'),('mo','us','Missouri'),('mt','us','Montana'),('ne','us','Nebraska'),('nv','us','Nevada'),('nh','us','New Hampshire'),('nj','us','New Jersey'),('nm','us','New Mexico'),('ny','us','New York'),('nc','us','North Carolina'),('nd','us','North Dakota'),('mp','us','Northern Mariana Islands'),('oh','us','Ohio'),('ok','us','Oklahoma'),('or','us','Oregon'),('pw','us','Palau'),('pa','us','Pennsylvania'),('pr','us','Puerto Rico'),('ri','us','Rhode Island'),('sc','us','South Carolina'),('sd','us','South Dakota'),('tn','us','Tennessee'),('tx','us','Texas'),('ut','us','Utah'),('vt','us','Vermont'),('vi','us','Virgin Island'),('va','us','Virginia'),('wa','us','Washington'),('wv','us','West Virginia'),('wi','us','Wisconsin'),('wy','us','Wyoming'),('ab','ca','Alberta'),('bc','ca','British Columbia'),('mb','ca','Manitoba'),('nb','ca','New Brunswick'),('nf','ca','New Foundland'),('nt','ca','Northwest Territories'),('ns','ca','Nova Scotia'),('on','ca','Ontario'),('pe','ca','Prince Edward Island'),('pq','ca','Quebec'),('sk','ca','Saskatchewan'),('yt','ca','Yukon Territories');
UPDATE state SET regex=CONCAT('/(',code,')/i');
SELECT PREG_CAPTURE( '/(x)(?:(abc)|(xyz))(x)/' , 'xabcx' , 2 ) ;
PREG_CAPTURE( '/(x)(?:(abc)|(xyz))(x)/' , 'xabcx' , 2 )
abc
SELECT PREG_CAPTURE('/(.*?)(fox)/' , 'the quick brown fox' ,2 );
PREG_CAPTURE('/(.*?)(fox)/' , 'the quick brown fox' ,2 )
fox
SELECT PREG_CAPTURE( '/(new)\\s+([a-zA-Z]*)(.*)/i' , description, 2  ) FROM state WHERE description LIKE 'new%' ;
PREG_CAPTURE( '/(new)\\s+([a-zA-Z]*)(.*)/i' , description, 2  )
Hampshire
Jersey
Mexico
York
Brunswick
Foundland
SELECT PREG_CAPTURE( '/(new)\\s+(?P<word>[^\\s]*)(.*)/i' , description, 'word'  )  FROM state WHERE PREG_RLIKE( '/new/i' , description );
PREG_CAPTURE( '/(new)\\s+(?P<word>[^\\s]*)(.*)/i' , description, 'word'  )
Hampshire
Jersey
Mexico
York
Brunswick
Foundland
SELECT PREG_CAPTURE( '/"([^"]+)"/' , 'the "quick" brown fox "jumped" over the "lazy" dog' , 1,2 );
PREG_CAPTURE( '/"([^"]+)"/' , 'the "quick" brown fox "jumped" over the "lazy" dog' , 1,2 )
jumped
select preg_capture( '/./' , repeat( 'da' , 500000 ) , 0 ,210001 );
preg_capture( '/./' , repeat( 'da' , 500000 ) , 0 ,210001 )
d
SELECT PREG_CAPTURE( '/b[^\\s]*/' , 'the quick brown fox jumped up & down' );
PREG_CAPTURE( '/b[^\\s]*/' , 'the quick brown fox jumped up & down' )
brown
SELECT PREG_CAPTURE( '/b[^\\s]*/' , 'the quick brown fox jumped up & down',0,4);
PREG_CAPTURE( '/b[^\\s]*/' , 'the quick brown fox jumped up & down',0,4)
NULL
SELECT PREG_CAPTURE( '/b[^\\s]*/' , 'the quick brown fox jumped up & down',4);
PREG_CAPTURE( '/b[^\\s]*/' , 'the quick brown fox jumped up & down',4)
NULL
SELECT PREG_CAPTURE('/ ([A-Za-z]+) /', '13 robin road', 1, 1);
PREG_CAPTURE('/ ([A-Za-z]+) /', '13 robin road', 1, 1)
robin
SELECT PREG_CAPTURE('/([A-Za-z]+)/', '13 robin road', 1, 2);
PREG_CAPTURE('/([A-Za-z]+)/', '13 robin road', 1, 2)
road
SELECT PREG_CAPTURE('/([A-Za-z]+)/', '13 robin road', 1, 3);
PREG_CAPTURE('/([A-Za-z]+)/', '13 robin road', 1, 3)
NULL
SELECT PREG_CAPTURE('/([A-Za-z]+)/', '13 robin road', 1, 4);
PREG_CAPTURE('/([A-Za-z]+)/', '13 robin road', 1, 4)
NULL
DROP TABLE IF EXISTS `patterns`;
CREATE TABLE `patterns` (
`pattern` varchar(255) NOT NULL,
`groupnum` int NOT NULL ,
`groupname` varchar(255) NOT NULL,
`occurence` int NOT NULL
) ENGINE=HEAP DEFAULT CHARSET=latin1;
INSERT INTO `patterns` VALUES 
('/new/i',0,'',1),
('/(new)(\\s)([a-zA-Z0-9]+)(.*)/i',3,'',1),
('/(new)(\\s)(?P<thing>[a-zA-Z0-9]+)(.*)/i',0,'thing',1) ;
SELECT DISTINCT PREG_CAPTURE( pattern,description,groupnum,occurence) AS w FROM state, patterns WHERE PREG_RLIKE( pattern, description ) AND groupname='' HAVING w IS NOT NULL ORDER BY w;
w
Brunswick
Foundland
Hampshire
Jersey
Mexico
New
York
DROP DATABASE IF EXISTS `preg_test`;
